{"stats":{"minecraft:mined":{"minecraft:short_grass":1,"minecraft:grass_block":6,"minecraft:oak_leaves":3},"minecraft:killed_by":{"minecraft:skeleton":1},"minecraft:used":{"minecraft:dirt":6},"minecraft:custom":{"minecraft:jump":99,"minecraft:time_since_rest":34873,"minecraft:walk_one_cm":4536,"minecraft:leave_game":4,"minecraft:play_time":42160,"minecraft:sprint_one_cm":14192,"minecraft:damage_taken":275,"minecraft:time_since_death":34842,"minecraft:deaths":1,"minecraft:total_world_time":42160,"minecraft:fall_one_cm":3641,"minecraft:fly_one_cm":20189},"minecraft:picked_up":{"minecraft:dirt":6}},"DataVersion":3953}