{"stats":{"minecraft:mined":{"minecraft:short_grass":1,"minecraft:grass_block":5,"minecraft:oak_leaves":1},"minecraft:used":{"minecraft:dirt":5},"minecraft:custom":{"minecraft:jump":60,"minecraft:time_since_rest":3483,"minecraft:leave_game":2,"minecraft:play_time":3483,"minecraft:sprint_one_cm":8563,"minecraft:damage_taken":90,"minecraft:time_since_death":3483,"minecraft:walk_one_cm":3288,"minecraft:total_world_time":3483,"minecraft:fall_one_cm":2265,"minecraft:fly_one_cm":12233},"minecraft:picked_up":{"minecraft:dirt":5}},"DataVersion":3953}