{
  "minecraft:recipes/decorations/crafting_table": {
    "criteria": {
      "unlock_right_away": "2024-07-26 00:53:10 +0000"
    },
    "done": true
  },
  "minecraft:adventure/adventuring_time": {
    "criteria": {
      "minecraft:beach": "2024-07-26 00:53:40 +0000",
      "minecraft:forest": "2024-07-26 00:53:11 +0000"
    },
    "done": false
  },
  "minecraft:adventure/root": {
    "criteria": {
      "killed_by_something": "2024-07-26 01:00:58 +0000"
    },
    "done": true
  },
  "DataVersion": 3953
}